﻿<?xml version="1.0" encoding="utf-8"?>
<atom:entry xmlns:app="http://www.w3.org/2007/app" xmlns:atom="http://www.w3.org/2005/Atom" xmlns:cmis="http://docs.oasis-open.org/ns/cmis/core/200908/" xmlns:cmisra="http://docs.oasis-open.org/ns/cmis/restatom/200908/" xmlns:sf="urn:telerik:sitefinity:cmis" xml:base="https://localhost:44352/Sitefinity/CMIS/RestAtom/">
  <cmisra:object>
    <cmis:properties>
      <cmis:propertyId propertyDefinitionId="sf:Id">
        <cmis:value>1b182d77-c6dc-4c5b-8622-e69b5b02d50e</cmis:value>
      </cmis:propertyId>
      <cmis:propertyString propertyDefinitionId="sf:Name" />
      <cmis:propertyString propertyDefinitionId="sf:UrlName">
        <cmis:value>helloworld</cmis:value>
      </cmis:propertyString>
      <cmis:propertyBoolean propertyDefinitionId="sf:EnableDefaultCanonicalUrl" />
      <cmis:propertyString propertyDefinitionId="sf:Title">
        <cmis:value>Helloworld</cmis:value>
      </cmis:propertyString>
      <cmis:propertyString propertyDefinitionId="sf:Description" />
      <cmis:propertyBoolean propertyDefinitionId="sf:ShowInNavigation">
        <cmis:value>True</cmis:value>
      </cmis:propertyBoolean>
      <cmis:propertyBoolean propertyDefinitionId="sf:RenderAsLink">
        <cmis:value>True</cmis:value>
      </cmis:propertyBoolean>
      <cmis:propertyBoolean propertyDefinitionId="sf:AllowMultipleUrls">
        <cmis:value>True</cmis:value>
      </cmis:propertyBoolean>
      <cmis:propertyBoolean propertyDefinitionId="sf:AdditionalUrlsRedirectToDefaultOne">
        <cmis:value>True</cmis:value>
      </cmis:propertyBoolean>
      <cmis:propertyDecimal propertyDefinitionId="sf:Ordinal">
        <cmis:value>1</cmis:value>
      </cmis:propertyDecimal>
      <cmis:propertyString propertyDefinitionId="sf:Attributes" sf:collectionType="IDictionary" />
      <cmis:propertyId propertyDefinitionId="sf:PageId">
        <cmis:value>e750b6a4-105b-4236-80c0-5804e04b2c1a</cmis:value>
      </cmis:propertyId>
      <cmis:propertyId propertyDefinitionId="sf:ParentId">
        <cmis:value>00000000-0000-0000-0000-000000000000</cmis:value>
      </cmis:propertyId>
      <cmis:propertyId propertyDefinitionId="sf:PreviousParentId" />
      <cmis:propertyId propertyDefinitionId="sf:RootNodeId">
        <cmis:value>00000000-0000-0000-0000-000000000000</cmis:value>
      </cmis:propertyId>
      <cmis:propertyInteger propertyDefinitionId="sf:NodeType">
        <cmis:value>0</cmis:value>
      </cmis:propertyInteger>
      <cmis:propertyString propertyDefinitionId="sf:RedirectUrl" />
      <cmis:propertyId propertyDefinitionId="sf:LinkedNodeId">
        <cmis:value>00000000-0000-0000-0000-000000000000</cmis:value>
      </cmis:propertyId>
      <cmis:propertyString propertyDefinitionId="sf:LinkedNodeProvider" />
      <cmis:propertyBoolean propertyDefinitionId="sf:OpenNewWindow">
        <cmis:value>False</cmis:value>
      </cmis:propertyBoolean>
      <cmis:propertyBoolean propertyDefinitionId="sf:IsBackend">
        <cmis:value>False</cmis:value>
      </cmis:propertyBoolean>
      <cmis:propertyBoolean propertyDefinitionId="sf:CanBeSplit">
        <cmis:value>True</cmis:value>
      </cmis:propertyBoolean>
      <cmis:propertyString propertyDefinitionId="sf:Extension">
        <cmis:value></cmis:value>
      </cmis:propertyString>
      <cmis:propertyBoolean propertyDefinitionId="sf:AllowParametersValidation">
        <cmis:value>True</cmis:value>
      </cmis:propertyBoolean>
      <cmis:propertyString propertyDefinitionId="sf:ModuleName" />
      <cmis:propertyInteger propertyDefinitionId="sf:LocalizationStrategy">
        <cmis:value>0</cmis:value>
      </cmis:propertyInteger>
      <cmis:propertyBoolean propertyDefinitionId="sf:IsSplitPage">
        <cmis:value>False</cmis:value>
      </cmis:propertyBoolean>
      <cmis:propertyBoolean propertyDefinitionId="sf:Crawlable">
        <cmis:value>True</cmis:value>
      </cmis:propertyBoolean>
      <cmis:propertyBoolean propertyDefinitionId="sf:RequireSsl">
        <cmis:value>False</cmis:value>
      </cmis:propertyBoolean>
      <cmis:propertyBoolean propertyDefinitionId="sf:EnableScriptManager">
        <cmis:value>True</cmis:value>
      </cmis:propertyBoolean>
      <cmis:propertyBoolean propertyDefinitionId="sf:IncludeInSearchIndex">
        <cmis:value>True</cmis:value>
      </cmis:propertyBoolean>
      <cmis:propertyInteger propertyDefinitionId="sf:ExpirationInDays" />
      <sf:Telerik.Sitefinity.Pages.Model.PageUrlData propertyDefinitionId="sf:Urls" sf:collectionType="IEnumerable" />
      <cmis:propertyBoolean propertyDefinitionId="sf:AutoGenerateUniqueUrl">
        <cmis:value>False</cmis:value>
      </cmis:propertyBoolean>
      <cmis:propertyString propertyDefinitionId="sf:ApprovalWorkflowState">
        <cmis:value>Published</cmis:value>
      </cmis:propertyString>
      <cmis:propertyId propertyDefinitionId="cmis:objectId">
        <cmis:value>1b182d77-c6dc-4c5b-8622-e69b5b02d50e</cmis:value>
      </cmis:propertyId>
      <sf:System.Object propertyDefinitionId="sf:Author" />
      <cmis:propertyString propertyDefinitionId="cmis:objectTypeId">
        <cmis:value>Telerik.Sitefinity.Pages.Model.PageNode</cmis:value>
      </cmis:propertyString>
      <cmis:propertyString propertyDefinitionId="sf:LangId">
        <cmis:value>en</cmis:value>
      </cmis:propertyString>
      <cmis:propertyString propertyDefinitionId="sf:ItemAction">
        <cmis:value>New</cmis:value>
      </cmis:propertyString>
      <cmis:propertyString propertyDefinitionId="sf:ParentType">
        <cmis:value>Telerik.Sitefinity.Pages.Model.PageNode</cmis:value>
      </cmis:propertyString>
      <cmis:propertyBoolean propertyDefinitionId="sf:IsHomePage">
        <cmis:value>True</cmis:value>
      </cmis:propertyBoolean>
      <cmis:propertyFloat propertyDefinitionId="sf:SitemapPriority">
        <cmis:value>1</cmis:value>
      </cmis:propertyFloat>
    </cmis:properties>
  </cmisra:object>
  <cmisra:object>
    <cmis:properties>
      <cmis:propertyString propertyDefinitionId="sf:HtmlTitle">
        <cmis:value>Helloworld</cmis:value>
      </cmis:propertyString>
      <cmis:propertyString propertyDefinitionId="sf:Keywords" />
      <cmis:propertyBoolean propertyDefinitionId="sf:Crawlable">
        <cmis:value>True</cmis:value>
      </cmis:propertyBoolean>
      <cmis:propertyBoolean propertyDefinitionId="sf:RequireSsl">
        <cmis:value>False</cmis:value>
      </cmis:propertyBoolean>
      <cmis:propertyInteger propertyDefinitionId="sf:LocalizationStrategy">
        <cmis:value>0</cmis:value>
      </cmis:propertyInteger>
      <cmis:propertyBoolean propertyDefinitionId="sf:TranslationInitialized">
        <cmis:value>False</cmis:value>
      </cmis:propertyBoolean>
      <cmis:propertyBoolean propertyDefinitionId="sf:IsBackendPage">
        <cmis:value>False</cmis:value>
      </cmis:propertyBoolean>
      <cmis:propertyString propertyDefinitionId="sf:Description" />
      <cmis:propertyBoolean propertyDefinitionId="sf:EnableViewState">
        <cmis:value>False</cmis:value>
      </cmis:propertyBoolean>
      <cmis:propertyString propertyDefinitionId="sf:HeadTagContent" />
      <cmis:propertyBoolean propertyDefinitionId="sf:EnableViewStateMac">
        <cmis:value>True</cmis:value>
      </cmis:propertyBoolean>
      <cmis:propertyBoolean propertyDefinitionId="sf:CacheOutput">
        <cmis:value>False</cmis:value>
      </cmis:propertyBoolean>
      <cmis:propertyBoolean propertyDefinitionId="sf:SlidingExpiration">
        <cmis:value>False</cmis:value>
      </cmis:propertyBoolean>
      <cmis:propertyInteger propertyDefinitionId="sf:CacheDuration">
        <cmis:value>0</cmis:value>
      </cmis:propertyInteger>
      <cmis:propertyString propertyDefinitionId="sf:OutputCacheProfile" />
      <cmis:propertyString propertyDefinitionId="sf:CodeBehindType" />
      <cmis:propertyBoolean propertyDefinitionId="sf:EnableEventValidation">
        <cmis:value>True</cmis:value>
      </cmis:propertyBoolean>
      <cmis:propertyBoolean propertyDefinitionId="sf:EnableSessionState">
        <cmis:value>True</cmis:value>
      </cmis:propertyBoolean>
      <cmis:propertyBoolean propertyDefinitionId="sf:EnableTheming">
        <cmis:value>True</cmis:value>
      </cmis:propertyBoolean>
      <cmis:propertyString propertyDefinitionId="sf:ErrorPage" />
      <cmis:propertyBoolean propertyDefinitionId="sf:ValidateRequest">
        <cmis:value>True</cmis:value>
      </cmis:propertyBoolean>
      <cmis:propertyBoolean propertyDefinitionId="sf:Trace">
        <cmis:value>False</cmis:value>
      </cmis:propertyBoolean>
      <cmis:propertyInteger propertyDefinitionId="sf:TraceMode">
        <cmis:value>0</cmis:value>
      </cmis:propertyInteger>
      <cmis:propertyInteger propertyDefinitionId="sf:ViewStateEncryption">
        <cmis:value>0</cmis:value>
      </cmis:propertyInteger>
      <cmis:propertyString propertyDefinitionId="sf:Culture">
        <cmis:value>en</cmis:value>
      </cmis:propertyString>
      <cmis:propertyString propertyDefinitionId="sf:UiCulture">
        <cmis:value>en</cmis:value>
      </cmis:propertyString>
      <cmis:propertyBoolean propertyDefinitionId="sf:IsSplitPage">
        <cmis:value>False</cmis:value>
      </cmis:propertyBoolean>
      <cmis:propertyBoolean propertyDefinitionId="sf:IsBackend">
        <cmis:value>False</cmis:value>
      </cmis:propertyBoolean>
      <cmis:propertyBoolean propertyDefinitionId="sf:IsAutoCreated">
        <cmis:value>False</cmis:value>
      </cmis:propertyBoolean>
      <cmis:propertyString propertyDefinitionId="sf:ResponseEncoding" />
      <cmis:propertyBoolean propertyDefinitionId="sf:BufferOutput">
        <cmis:value>True</cmis:value>
      </cmis:propertyBoolean>
      <cmis:propertyBoolean propertyDefinitionId="sf:MaintainScrollPositionOnPostback">
        <cmis:value>False</cmis:value>
      </cmis:propertyBoolean>
      <cmis:propertyString propertyDefinitionId="sf:ExternalPage" />
      <cmis:propertyString propertyDefinitionId="sf:Theme" />
      <cmis:propertyString propertyDefinitionId="sf:Themes" />
      <cmis:propertyInteger propertyDefinitionId="sf:CommentsCount">
        <cmis:value>0</cmis:value>
      </cmis:propertyInteger>
      <cmis:propertyString propertyDefinitionId="sf:MasterPage" />
      <cmis:propertyBoolean propertyDefinitionId="sf:IncludeScriptManager">
        <cmis:value>False</cmis:value>
      </cmis:propertyBoolean>
      <cmis:propertyInteger propertyDefinitionId="sf:LastControlId">
        <cmis:value>2</cmis:value>
      </cmis:propertyInteger>
      <cmis:propertyString propertyDefinitionId="sf:Attributes" sf:collectionType="IDictionary" />
      <cmis:propertyInteger propertyDefinitionId="sf:UrlEvaluationMode">
        <cmis:value>0</cmis:value>
      </cmis:propertyInteger>
      <cmis:propertyInteger propertyDefinitionId="sf:BuildStamp">
        <cmis:value>1</cmis:value>
      </cmis:propertyInteger>
      <cmis:propertyId propertyDefinitionId="sf:NavigationNodeId">
        <cmis:value>1b182d77-c6dc-4c5b-8622-e69b5b02d50e</cmis:value>
      </cmis:propertyId>
      <cmis:propertyId propertyDefinitionId="sf:PersonalizationMasterId">
        <cmis:value>00000000-0000-0000-0000-000000000000</cmis:value>
      </cmis:propertyId>
      <cmis:propertyId propertyDefinitionId="sf:PersonalizationSegmentId">
        <cmis:value>00000000-0000-0000-0000-000000000000</cmis:value>
      </cmis:propertyId>
      <cmis:propertyString propertyDefinitionId="sf:VariationTypeKey" />
      <cmis:propertyId propertyDefinitionId="sf:Id">
        <cmis:value>e750b6a4-105b-4236-80c0-5804e04b2c1a</cmis:value>
      </cmis:propertyId>
      <cmis:propertyString propertyDefinitionId="sf:SourceKey" />
      <cmis:propertyInteger propertyDefinitionId="sf:Status">
        <cmis:value>2</cmis:value>
      </cmis:propertyInteger>
      <cmis:propertyString propertyDefinitionId="sf:ContentState" />
      <cmis:propertyBoolean propertyDefinitionId="sf:SupportsContentLifecycle">
        <cmis:value>True</cmis:value>
      </cmis:propertyBoolean>
      <cmis:propertyId propertyDefinitionId="cmis:objectId">
        <cmis:value>e750b6a4-105b-4236-80c0-5804e04b2c1a</cmis:value>
      </cmis:propertyId>
      <sf:System.Object propertyDefinitionId="sf:Author" />
      <cmis:propertyString propertyDefinitionId="cmis:objectTypeId">
        <cmis:value>Telerik.Sitefinity.Pages.Model.PageData</cmis:value>
      </cmis:propertyString>
      <cmis:propertyString propertyDefinitionId="sf:LangId">
        <cmis:value>en</cmis:value>
      </cmis:propertyString>
      <cmis:propertyString propertyDefinitionId="sf:ItemAction">
        <cmis:value>New</cmis:value>
      </cmis:propertyString>
      <sf:System.Object propertyDefinitionId="sf:TemplateName" />
      <sf:System.Object propertyDefinitionId="sf:Renderer" />
      <cmis:propertyInteger propertyDefinitionId="sf:Flags">
        <cmis:value>1</cmis:value>
      </cmis:propertyInteger>
      <cmis:propertyId propertyDefinitionId="sf:PageTemplateId">
        <cmis:value>7cd2ae28-6221-56bc-fae7-3f6bac29320e</cmis:value>
      </cmis:propertyId>
      <cmis:propertyId propertyDefinitionId="sf:PageNodeId">
        <cmis:value>1b182d77-c6dc-4c5b-8622-e69b5b02d50e</cmis:value>
      </cmis:propertyId>
      <cmis:propertyString propertyDefinitionId="sf:PageTemplateTitle">
        <cmis:value>default</cmis:value>
      </cmis:propertyString>
      <cmis:propertyString propertyDefinitionId="sf:PageTemplateName">
        <cmis:value>Bootstrap5.default</cmis:value>
      </cmis:propertyString>
    </cmis:properties>
  </cmisra:object>
  <cmisra:object>
    <cmis:properties>
      <cmis:propertyId propertyDefinitionId="sf:ContainerId">
        <cmis:value>e750b6a4-105b-4236-80c0-5804e04b2c1a</cmis:value>
      </cmis:propertyId>
      <cmis:propertyString propertyDefinitionId="sf:PlaceHolder">
        <cmis:value>Contentplaceholder1</cmis:value>
      </cmis:propertyString>
      <cmis:propertyBoolean propertyDefinitionId="sf:Shared">
        <cmis:value>True</cmis:value>
      </cmis:propertyBoolean>
      <cmis:propertyBoolean propertyDefinitionId="sf:AllowSecurityTrimming">
        <cmis:value>False</cmis:value>
      </cmis:propertyBoolean>
      <cmis:propertyString propertyDefinitionId="sf:Caption">
        <cmis:value>Comments</cmis:value>
      </cmis:propertyString>
      <cmis:propertyString propertyDefinitionId="sf:Description" />
      <cmis:propertyId propertyDefinitionId="sf:SiblingId">
        <cmis:value>3b26d21c-d0b5-4fb6-b80e-a01773f82734</cmis:value>
      </cmis:propertyId>
      <cmis:propertyId propertyDefinitionId="sf:OriginalControlId">
        <cmis:value>00000000-0000-0000-0000-000000000000</cmis:value>
      </cmis:propertyId>
      <cmis:propertyBoolean propertyDefinitionId="sf:IsLayoutControl">
        <cmis:value>False</cmis:value>
      </cmis:propertyBoolean>
      <cmis:propertyBoolean propertyDefinitionId="sf:IsDataSource">
        <cmis:value>False</cmis:value>
      </cmis:propertyBoolean>
      <cmis:propertyBoolean propertyDefinitionId="sf:Editable">
        <cmis:value>False</cmis:value>
      </cmis:propertyBoolean>
      <cmis:propertyString propertyDefinitionId="sf:PlaceHolders" sf:collectionType="IEnumerable" />
      <cmis:propertyBoolean propertyDefinitionId="sf:IsTranslatable">
        <cmis:value>True</cmis:value>
      </cmis:propertyBoolean>
      <cmis:propertyBoolean propertyDefinitionId="sf:IsOverridedControl">
        <cmis:value>False</cmis:value>
      </cmis:propertyBoolean>
      <cmis:propertyId propertyDefinitionId="sf:BaseControlId">
        <cmis:value>00000000-0000-0000-0000-000000000000</cmis:value>
      </cmis:propertyId>
      <cmis:propertyInteger propertyDefinitionId="sf:Strategy">
        <cmis:value>1</cmis:value>
      </cmis:propertyInteger>
      <cmis:propertyId propertyDefinitionId="sf:PersonalizationMasterId">
        <cmis:value>00000000-0000-0000-0000-000000000000</cmis:value>
      </cmis:propertyId>
      <cmis:propertyId propertyDefinitionId="sf:PersonalizationSegmentId">
        <cmis:value>00000000-0000-0000-0000-000000000000</cmis:value>
      </cmis:propertyId>
      <cmis:propertyId propertyDefinitionId="sf:Id">
        <cmis:value>3111e4ee-6be3-4f86-ac59-148856f31982</cmis:value>
      </cmis:propertyId>
      <cmis:propertyString propertyDefinitionId="sf:ObjectType">
        <cmis:value>Telerik.Sitefinity.Mvc.Proxy.MvcControllerProxy</cmis:value>
      </cmis:propertyString>
      <cmis:propertyInteger propertyDefinitionId="sf:CollectionIndex">
        <cmis:value>0</cmis:value>
      </cmis:propertyInteger>
      <cmis:propertyString propertyDefinitionId="sf:DictionaryKey" />
      <cmis:propertyString propertyDefinitionId="sf:MultilingualPropertyValues" sf:collectionType="IDictionary" />
      <cmis:propertyId propertyDefinitionId="sf:ParentId">
        <cmis:value>e750b6a4-105b-4236-80c0-5804e04b2c1a</cmis:value>
      </cmis:propertyId>
      <cmis:propertyBoolean propertyDefinitionId="sf:IsBackendObject">
        <cmis:value>False</cmis:value>
      </cmis:propertyBoolean>
      <cmis:propertyId propertyDefinitionId="cmis:objectId">
        <cmis:value>3111e4ee-6be3-4f86-ac59-148856f31982</cmis:value>
      </cmis:propertyId>
      <sf:System.Object propertyDefinitionId="sf:Author" />
      <cmis:propertyString propertyDefinitionId="cmis:objectTypeId">
        <cmis:value>Telerik.Sitefinity.Pages.Model.PageControl</cmis:value>
      </cmis:propertyString>
      <cmis:propertyString propertyDefinitionId="sf:LangId">
        <cmis:value>en</cmis:value>
      </cmis:propertyString>
      <cmis:propertyString propertyDefinitionId="sf:ItemAction">
        <cmis:value>New</cmis:value>
      </cmis:propertyString>
      <cmis:propertyString propertyDefinitionId="sf:ParentType">
        <cmis:value>Telerik.Sitefinity.Pages.Model.PageData</cmis:value>
      </cmis:propertyString>
      <cmis:propertyId propertyDefinitionId="sf:ParentObjectDataId">
        <cmis:value>00000000-0000-0000-0000-000000000000</cmis:value>
      </cmis:propertyId>
    </cmis:properties>
  </cmisra:object>
  <cmisra:object>
    <cmis:properties>
      <cmis:propertyId propertyDefinitionId="sf:Id">
        <cmis:value>00b1e8d2-ef6b-4e98-9b43-5876853786ba</cmis:value>
      </cmis:propertyId>
      <cmis:propertyString propertyDefinitionId="sf:Name">
        <cmis:value>ID</cmis:value>
      </cmis:propertyString>
      <cmis:propertyString propertyDefinitionId="sf:Validation" />
      <cmis:propertyString propertyDefinitionId="sf:MultilingualValue">
        <cmis:value>C002</cmis:value>
      </cmis:propertyString>
      <cmis:propertyString propertyDefinitionId="sf:Value">
        <cmis:value>C002</cmis:value>
      </cmis:propertyString>
      <cmis:propertyString propertyDefinitionId="sf:Caption" />
      <cmis:propertyString propertyDefinitionId="sf:Description" />
      <cmis:propertyBoolean propertyDefinitionId="sf:Multilingual">
        <cmis:value>False</cmis:value>
      </cmis:propertyBoolean>
      <cmis:propertyString propertyDefinitionId="sf:Language" />
      <cmis:propertyId propertyDefinitionId="cmis:objectId">
        <cmis:value>00b1e8d2-ef6b-4e98-9b43-5876853786ba</cmis:value>
      </cmis:propertyId>
      <sf:System.Object propertyDefinitionId="sf:Author" />
      <cmis:propertyString propertyDefinitionId="cmis:objectTypeId">
        <cmis:value>Telerik.Sitefinity.Pages.Model.ControlProperty</cmis:value>
      </cmis:propertyString>
      <cmis:propertyString propertyDefinitionId="sf:LangId">
        <cmis:value>en</cmis:value>
      </cmis:propertyString>
      <cmis:propertyString propertyDefinitionId="sf:ItemAction">
        <cmis:value>New</cmis:value>
      </cmis:propertyString>
      <cmis:propertyInteger propertyDefinitionId="sf:Flags">
        <cmis:value>1</cmis:value>
      </cmis:propertyInteger>
      <cmis:propertyString propertyDefinitionId="sf:ParentControlType">
        <cmis:value>Telerik.Sitefinity.Pages.Model.PageControl</cmis:value>
      </cmis:propertyString>
      <cmis:propertyId propertyDefinitionId="sf:ParentControlId">
        <cmis:value>3111e4ee-6be3-4f86-ac59-148856f31982</cmis:value>
      </cmis:propertyId>
    </cmis:properties>
  </cmisra:object>
  <cmisra:object>
    <cmis:properties>
      <cmis:propertyId propertyDefinitionId="sf:Id">
        <cmis:value>6a2a1b30-3e64-4863-b27d-c851fec3c749</cmis:value>
      </cmis:propertyId>
      <cmis:propertyString propertyDefinitionId="sf:Name">
        <cmis:value>ControllerName</cmis:value>
      </cmis:propertyString>
      <cmis:propertyString propertyDefinitionId="sf:Validation" />
      <cmis:propertyString propertyDefinitionId="sf:MultilingualValue">
        <cmis:value>Telerik.Sitefinity.Frontend.Comments.Mvc.Controllers.CommentsController</cmis:value>
      </cmis:propertyString>
      <cmis:propertyString propertyDefinitionId="sf:Value">
        <cmis:value>Telerik.Sitefinity.Frontend.Comments.Mvc.Controllers.CommentsController</cmis:value>
      </cmis:propertyString>
      <cmis:propertyString propertyDefinitionId="sf:Caption" />
      <cmis:propertyString propertyDefinitionId="sf:Description" />
      <cmis:propertyBoolean propertyDefinitionId="sf:Multilingual">
        <cmis:value>False</cmis:value>
      </cmis:propertyBoolean>
      <cmis:propertyString propertyDefinitionId="sf:Language" />
      <cmis:propertyId propertyDefinitionId="cmis:objectId">
        <cmis:value>6a2a1b30-3e64-4863-b27d-c851fec3c749</cmis:value>
      </cmis:propertyId>
      <sf:System.Object propertyDefinitionId="sf:Author" />
      <cmis:propertyString propertyDefinitionId="cmis:objectTypeId">
        <cmis:value>Telerik.Sitefinity.Pages.Model.ControlProperty</cmis:value>
      </cmis:propertyString>
      <cmis:propertyString propertyDefinitionId="sf:LangId">
        <cmis:value>en</cmis:value>
      </cmis:propertyString>
      <cmis:propertyString propertyDefinitionId="sf:ItemAction">
        <cmis:value>New</cmis:value>
      </cmis:propertyString>
      <cmis:propertyInteger propertyDefinitionId="sf:Flags">
        <cmis:value>1</cmis:value>
      </cmis:propertyInteger>
      <cmis:propertyString propertyDefinitionId="sf:ParentControlType">
        <cmis:value>Telerik.Sitefinity.Pages.Model.PageControl</cmis:value>
      </cmis:propertyString>
      <cmis:propertyId propertyDefinitionId="sf:ParentControlId">
        <cmis:value>3111e4ee-6be3-4f86-ac59-148856f31982</cmis:value>
      </cmis:propertyId>
    </cmis:properties>
  </cmisra:object>
  <cmisra:object>
    <cmis:properties>
      <cmis:propertyId propertyDefinitionId="sf:ContainerId">
        <cmis:value>e750b6a4-105b-4236-80c0-5804e04b2c1a</cmis:value>
      </cmis:propertyId>
      <cmis:propertyString propertyDefinitionId="sf:PlaceHolder">
        <cmis:value>Contentplaceholder1</cmis:value>
      </cmis:propertyString>
      <cmis:propertyBoolean propertyDefinitionId="sf:Shared">
        <cmis:value>True</cmis:value>
      </cmis:propertyBoolean>
      <cmis:propertyBoolean propertyDefinitionId="sf:AllowSecurityTrimming">
        <cmis:value>False</cmis:value>
      </cmis:propertyBoolean>
      <cmis:propertyString propertyDefinitionId="sf:Caption">
        <cmis:value>Form</cmis:value>
      </cmis:propertyString>
      <cmis:propertyString propertyDefinitionId="sf:Description" />
      <cmis:propertyId propertyDefinitionId="sf:SiblingId">
        <cmis:value>00000000-0000-0000-0000-000000000000</cmis:value>
      </cmis:propertyId>
      <cmis:propertyId propertyDefinitionId="sf:OriginalControlId">
        <cmis:value>00000000-0000-0000-0000-000000000000</cmis:value>
      </cmis:propertyId>
      <cmis:propertyBoolean propertyDefinitionId="sf:IsLayoutControl">
        <cmis:value>False</cmis:value>
      </cmis:propertyBoolean>
      <cmis:propertyBoolean propertyDefinitionId="sf:IsDataSource">
        <cmis:value>False</cmis:value>
      </cmis:propertyBoolean>
      <cmis:propertyBoolean propertyDefinitionId="sf:Editable">
        <cmis:value>False</cmis:value>
      </cmis:propertyBoolean>
      <cmis:propertyString propertyDefinitionId="sf:PlaceHolders" sf:collectionType="IEnumerable" />
      <cmis:propertyBoolean propertyDefinitionId="sf:IsTranslatable">
        <cmis:value>True</cmis:value>
      </cmis:propertyBoolean>
      <cmis:propertyBoolean propertyDefinitionId="sf:IsOverridedControl">
        <cmis:value>False</cmis:value>
      </cmis:propertyBoolean>
      <cmis:propertyId propertyDefinitionId="sf:BaseControlId">
        <cmis:value>00000000-0000-0000-0000-000000000000</cmis:value>
      </cmis:propertyId>
      <cmis:propertyInteger propertyDefinitionId="sf:Strategy">
        <cmis:value>1</cmis:value>
      </cmis:propertyInteger>
      <cmis:propertyId propertyDefinitionId="sf:PersonalizationMasterId">
        <cmis:value>00000000-0000-0000-0000-000000000000</cmis:value>
      </cmis:propertyId>
      <cmis:propertyId propertyDefinitionId="sf:PersonalizationSegmentId">
        <cmis:value>00000000-0000-0000-0000-000000000000</cmis:value>
      </cmis:propertyId>
      <cmis:propertyId propertyDefinitionId="sf:Id">
        <cmis:value>3b26d21c-d0b5-4fb6-b80e-a01773f82734</cmis:value>
      </cmis:propertyId>
      <cmis:propertyString propertyDefinitionId="sf:ObjectType">
        <cmis:value>Telerik.Sitefinity.Mvc.Proxy.MvcControllerProxy</cmis:value>
      </cmis:propertyString>
      <cmis:propertyInteger propertyDefinitionId="sf:CollectionIndex">
        <cmis:value>0</cmis:value>
      </cmis:propertyInteger>
      <cmis:propertyString propertyDefinitionId="sf:DictionaryKey" />
      <cmis:propertyString propertyDefinitionId="sf:MultilingualPropertyValues" sf:collectionType="IDictionary" />
      <cmis:propertyId propertyDefinitionId="sf:ParentId">
        <cmis:value>e750b6a4-105b-4236-80c0-5804e04b2c1a</cmis:value>
      </cmis:propertyId>
      <cmis:propertyBoolean propertyDefinitionId="sf:IsBackendObject">
        <cmis:value>False</cmis:value>
      </cmis:propertyBoolean>
      <cmis:propertyId propertyDefinitionId="cmis:objectId">
        <cmis:value>3b26d21c-d0b5-4fb6-b80e-a01773f82734</cmis:value>
      </cmis:propertyId>
      <sf:System.Object propertyDefinitionId="sf:Author" />
      <cmis:propertyString propertyDefinitionId="cmis:objectTypeId">
        <cmis:value>Telerik.Sitefinity.Pages.Model.PageControl</cmis:value>
      </cmis:propertyString>
      <cmis:propertyString propertyDefinitionId="sf:LangId">
        <cmis:value>en</cmis:value>
      </cmis:propertyString>
      <cmis:propertyString propertyDefinitionId="sf:ItemAction">
        <cmis:value>New</cmis:value>
      </cmis:propertyString>
      <cmis:propertyString propertyDefinitionId="sf:ParentType">
        <cmis:value>Telerik.Sitefinity.Pages.Model.PageData</cmis:value>
      </cmis:propertyString>
      <cmis:propertyId propertyDefinitionId="sf:ParentObjectDataId">
        <cmis:value>00000000-0000-0000-0000-000000000000</cmis:value>
      </cmis:propertyId>
    </cmis:properties>
  </cmisra:object>
  <cmisra:object>
    <cmis:properties>
      <cmis:propertyId propertyDefinitionId="sf:Id">
        <cmis:value>b26907a7-988c-41f9-8948-56f0f9b2818c</cmis:value>
      </cmis:propertyId>
      <cmis:propertyString propertyDefinitionId="sf:Name">
        <cmis:value>ID</cmis:value>
      </cmis:propertyString>
      <cmis:propertyString propertyDefinitionId="sf:Validation" />
      <cmis:propertyString propertyDefinitionId="sf:MultilingualValue">
        <cmis:value>C001</cmis:value>
      </cmis:propertyString>
      <cmis:propertyString propertyDefinitionId="sf:Value">
        <cmis:value>C001</cmis:value>
      </cmis:propertyString>
      <cmis:propertyString propertyDefinitionId="sf:Caption" />
      <cmis:propertyString propertyDefinitionId="sf:Description" />
      <cmis:propertyBoolean propertyDefinitionId="sf:Multilingual">
        <cmis:value>False</cmis:value>
      </cmis:propertyBoolean>
      <cmis:propertyString propertyDefinitionId="sf:Language" />
      <cmis:propertyId propertyDefinitionId="cmis:objectId">
        <cmis:value>b26907a7-988c-41f9-8948-56f0f9b2818c</cmis:value>
      </cmis:propertyId>
      <sf:System.Object propertyDefinitionId="sf:Author" />
      <cmis:propertyString propertyDefinitionId="cmis:objectTypeId">
        <cmis:value>Telerik.Sitefinity.Pages.Model.ControlProperty</cmis:value>
      </cmis:propertyString>
      <cmis:propertyString propertyDefinitionId="sf:LangId">
        <cmis:value>en</cmis:value>
      </cmis:propertyString>
      <cmis:propertyString propertyDefinitionId="sf:ItemAction">
        <cmis:value>New</cmis:value>
      </cmis:propertyString>
      <cmis:propertyInteger propertyDefinitionId="sf:Flags">
        <cmis:value>1</cmis:value>
      </cmis:propertyInteger>
      <cmis:propertyString propertyDefinitionId="sf:ParentControlType">
        <cmis:value>Telerik.Sitefinity.Pages.Model.PageControl</cmis:value>
      </cmis:propertyString>
      <cmis:propertyId propertyDefinitionId="sf:ParentControlId">
        <cmis:value>3b26d21c-d0b5-4fb6-b80e-a01773f82734</cmis:value>
      </cmis:propertyId>
    </cmis:properties>
  </cmisra:object>
  <cmisra:object>
    <cmis:properties>
      <cmis:propertyId propertyDefinitionId="sf:Id">
        <cmis:value>e2729028-a304-4dc1-9dd0-68d4ee613b16</cmis:value>
      </cmis:propertyId>
      <cmis:propertyString propertyDefinitionId="sf:Name">
        <cmis:value>ControllerName</cmis:value>
      </cmis:propertyString>
      <cmis:propertyString propertyDefinitionId="sf:Validation" />
      <cmis:propertyString propertyDefinitionId="sf:MultilingualValue">
        <cmis:value>Telerik.Sitefinity.Frontend.Forms.Mvc.Controllers.FormController</cmis:value>
      </cmis:propertyString>
      <cmis:propertyString propertyDefinitionId="sf:Value">
        <cmis:value>Telerik.Sitefinity.Frontend.Forms.Mvc.Controllers.FormController</cmis:value>
      </cmis:propertyString>
      <cmis:propertyString propertyDefinitionId="sf:Caption" />
      <cmis:propertyString propertyDefinitionId="sf:Description" />
      <cmis:propertyBoolean propertyDefinitionId="sf:Multilingual">
        <cmis:value>False</cmis:value>
      </cmis:propertyBoolean>
      <cmis:propertyString propertyDefinitionId="sf:Language" />
      <cmis:propertyId propertyDefinitionId="cmis:objectId">
        <cmis:value>e2729028-a304-4dc1-9dd0-68d4ee613b16</cmis:value>
      </cmis:propertyId>
      <sf:System.Object propertyDefinitionId="sf:Author" />
      <cmis:propertyString propertyDefinitionId="cmis:objectTypeId">
        <cmis:value>Telerik.Sitefinity.Pages.Model.ControlProperty</cmis:value>
      </cmis:propertyString>
      <cmis:propertyString propertyDefinitionId="sf:LangId">
        <cmis:value>en</cmis:value>
      </cmis:propertyString>
      <cmis:propertyString propertyDefinitionId="sf:ItemAction">
        <cmis:value>New</cmis:value>
      </cmis:propertyString>
      <cmis:propertyInteger propertyDefinitionId="sf:Flags">
        <cmis:value>1</cmis:value>
      </cmis:propertyInteger>
      <cmis:propertyString propertyDefinitionId="sf:ParentControlType">
        <cmis:value>Telerik.Sitefinity.Pages.Model.PageControl</cmis:value>
      </cmis:propertyString>
      <cmis:propertyId propertyDefinitionId="sf:ParentControlId">
        <cmis:value>3b26d21c-d0b5-4fb6-b80e-a01773f82734</cmis:value>
      </cmis:propertyId>
    </cmis:properties>
  </cmisra:object>
  <cmisra:object>
    <cmis:properties>
      <cmis:propertyId propertyDefinitionId="sf:Id">
        <cmis:value>349aaf94-1cd8-4d04-a030-71a3aa8ebdd8</cmis:value>
      </cmis:propertyId>
      <cmis:propertyString propertyDefinitionId="sf:Name">
        <cmis:value>Settings</cmis:value>
      </cmis:propertyString>
      <cmis:propertyString propertyDefinitionId="sf:Validation" />
      <cmis:propertyString propertyDefinitionId="sf:MultilingualValue" />
      <cmis:propertyString propertyDefinitionId="sf:Value" />
      <cmis:propertyString propertyDefinitionId="sf:Caption" />
      <cmis:propertyString propertyDefinitionId="sf:Description" />
      <cmis:propertyBoolean propertyDefinitionId="sf:Multilingual">
        <cmis:value>False</cmis:value>
      </cmis:propertyBoolean>
      <cmis:propertyString propertyDefinitionId="sf:Language" />
      <cmis:propertyId propertyDefinitionId="cmis:objectId">
        <cmis:value>349aaf94-1cd8-4d04-a030-71a3aa8ebdd8</cmis:value>
      </cmis:propertyId>
      <sf:System.Object propertyDefinitionId="sf:Author" />
      <cmis:propertyString propertyDefinitionId="cmis:objectTypeId">
        <cmis:value>Telerik.Sitefinity.Pages.Model.ControlProperty</cmis:value>
      </cmis:propertyString>
      <cmis:propertyString propertyDefinitionId="sf:LangId">
        <cmis:value>en</cmis:value>
      </cmis:propertyString>
      <cmis:propertyString propertyDefinitionId="sf:ItemAction">
        <cmis:value>New</cmis:value>
      </cmis:propertyString>
      <cmis:propertyInteger propertyDefinitionId="sf:Flags">
        <cmis:value>5</cmis:value>
      </cmis:propertyInteger>
      <cmis:propertyString propertyDefinitionId="sf:ParentControlType">
        <cmis:value>Telerik.Sitefinity.Pages.Model.PageControl</cmis:value>
      </cmis:propertyString>
      <cmis:propertyId propertyDefinitionId="sf:ParentControlId">
        <cmis:value>3b26d21c-d0b5-4fb6-b80e-a01773f82734</cmis:value>
      </cmis:propertyId>
    </cmis:properties>
  </cmisra:object>
  <cmisra:object>
    <cmis:properties>
      <cmis:propertyId propertyDefinitionId="sf:Id">
        <cmis:value>8521c921-e6eb-4653-813a-812e951183ec</cmis:value>
      </cmis:propertyId>
      <cmis:propertyString propertyDefinitionId="sf:Name">
        <cmis:value>Model</cmis:value>
      </cmis:propertyString>
      <cmis:propertyString propertyDefinitionId="sf:Validation" />
      <cmis:propertyString propertyDefinitionId="sf:MultilingualValue" />
      <cmis:propertyString propertyDefinitionId="sf:Value" />
      <cmis:propertyString propertyDefinitionId="sf:Caption" />
      <cmis:propertyString propertyDefinitionId="sf:Description" />
      <cmis:propertyBoolean propertyDefinitionId="sf:Multilingual">
        <cmis:value>False</cmis:value>
      </cmis:propertyBoolean>
      <cmis:propertyString propertyDefinitionId="sf:Language" />
      <cmis:propertyId propertyDefinitionId="cmis:objectId">
        <cmis:value>8521c921-e6eb-4653-813a-812e951183ec</cmis:value>
      </cmis:propertyId>
      <sf:System.Object propertyDefinitionId="sf:Author" />
      <cmis:propertyString propertyDefinitionId="cmis:objectTypeId">
        <cmis:value>Telerik.Sitefinity.Pages.Model.ControlProperty</cmis:value>
      </cmis:propertyString>
      <cmis:propertyString propertyDefinitionId="sf:LangId">
        <cmis:value>en</cmis:value>
      </cmis:propertyString>
      <cmis:propertyString propertyDefinitionId="sf:ItemAction">
        <cmis:value>New</cmis:value>
      </cmis:propertyString>
      <cmis:propertyInteger propertyDefinitionId="sf:Flags">
        <cmis:value>5</cmis:value>
      </cmis:propertyInteger>
      <cmis:propertyString propertyDefinitionId="sf:ParentControlPropertyType">
        <cmis:value>Telerik.Sitefinity.Pages.Model.ControlProperty</cmis:value>
      </cmis:propertyString>
      <cmis:propertyId propertyDefinitionId="sf:ParentControlPropertyId">
        <cmis:value>349aaf94-1cd8-4d04-a030-71a3aa8ebdd8</cmis:value>
      </cmis:propertyId>
    </cmis:properties>
  </cmisra:object>
  <cmisra:object>
    <cmis:properties>
      <cmis:propertyId propertyDefinitionId="sf:Id">
        <cmis:value>e129178b-4882-4d3f-ad66-be85563edf03</cmis:value>
      </cmis:propertyId>
      <cmis:propertyString propertyDefinitionId="sf:Name">
        <cmis:value>FormId</cmis:value>
      </cmis:propertyString>
      <cmis:propertyString propertyDefinitionId="sf:Validation" />
      <cmis:propertyString propertyDefinitionId="sf:MultilingualValue">
        <cmis:value>d7cced99-3455-4dde-a345-d559c308b70b</cmis:value>
      </cmis:propertyString>
      <cmis:propertyString propertyDefinitionId="sf:Value">
        <cmis:value>d7cced99-3455-4dde-a345-d559c308b70b</cmis:value>
      </cmis:propertyString>
      <cmis:propertyString propertyDefinitionId="sf:Caption" />
      <cmis:propertyString propertyDefinitionId="sf:Description" />
      <cmis:propertyBoolean propertyDefinitionId="sf:Multilingual">
        <cmis:value>False</cmis:value>
      </cmis:propertyBoolean>
      <cmis:propertyString propertyDefinitionId="sf:Language" />
      <cmis:propertyId propertyDefinitionId="cmis:objectId">
        <cmis:value>e129178b-4882-4d3f-ad66-be85563edf03</cmis:value>
      </cmis:propertyId>
      <sf:System.Object propertyDefinitionId="sf:Author" />
      <cmis:propertyString propertyDefinitionId="cmis:objectTypeId">
        <cmis:value>Telerik.Sitefinity.Pages.Model.ControlProperty</cmis:value>
      </cmis:propertyString>
      <cmis:propertyString propertyDefinitionId="sf:LangId">
        <cmis:value>en</cmis:value>
      </cmis:propertyString>
      <cmis:propertyString propertyDefinitionId="sf:ItemAction">
        <cmis:value>New</cmis:value>
      </cmis:propertyString>
      <cmis:propertyInteger propertyDefinitionId="sf:Flags">
        <cmis:value>1</cmis:value>
      </cmis:propertyInteger>
      <cmis:propertyString propertyDefinitionId="sf:ParentControlPropertyType">
        <cmis:value>Telerik.Sitefinity.Pages.Model.ControlProperty</cmis:value>
      </cmis:propertyString>
      <cmis:propertyId propertyDefinitionId="sf:ParentControlPropertyId">
        <cmis:value>8521c921-e6eb-4653-813a-812e951183ec</cmis:value>
      </cmis:propertyId>
    </cmis:properties>
  </cmisra:object>
  <cmisra:object>
    <cmis:properties>
      <cmis:propertyId propertyDefinitionId="sf:Id">
        <cmis:value>433e8053-b028-40e7-ae44-d9e30f0e9c64</cmis:value>
      </cmis:propertyId>
      <cmis:propertyString propertyDefinitionId="sf:Name">
        <cmis:value>ConnectorSettings</cmis:value>
      </cmis:propertyString>
      <cmis:propertyString propertyDefinitionId="sf:Validation" />
      <cmis:propertyString propertyDefinitionId="sf:MultilingualValue">
        <cmis:value>{}</cmis:value>
      </cmis:propertyString>
      <cmis:propertyString propertyDefinitionId="sf:Value">
        <cmis:value>{}</cmis:value>
      </cmis:propertyString>
      <cmis:propertyString propertyDefinitionId="sf:Caption" />
      <cmis:propertyString propertyDefinitionId="sf:Description" />
      <cmis:propertyBoolean propertyDefinitionId="sf:Multilingual">
        <cmis:value>False</cmis:value>
      </cmis:propertyBoolean>
      <cmis:propertyString propertyDefinitionId="sf:Language" />
      <cmis:propertyId propertyDefinitionId="cmis:objectId">
        <cmis:value>433e8053-b028-40e7-ae44-d9e30f0e9c64</cmis:value>
      </cmis:propertyId>
      <sf:System.Object propertyDefinitionId="sf:Author" />
      <cmis:propertyString propertyDefinitionId="cmis:objectTypeId">
        <cmis:value>Telerik.Sitefinity.Pages.Model.ControlProperty</cmis:value>
      </cmis:propertyString>
      <cmis:propertyString propertyDefinitionId="sf:LangId">
        <cmis:value>en</cmis:value>
      </cmis:propertyString>
      <cmis:propertyString propertyDefinitionId="sf:ItemAction">
        <cmis:value>New</cmis:value>
      </cmis:propertyString>
      <cmis:propertyInteger propertyDefinitionId="sf:Flags">
        <cmis:value>1</cmis:value>
      </cmis:propertyInteger>
      <cmis:propertyString propertyDefinitionId="sf:ParentControlPropertyType">
        <cmis:value>Telerik.Sitefinity.Pages.Model.ControlProperty</cmis:value>
      </cmis:propertyString>
      <cmis:propertyId propertyDefinitionId="sf:ParentControlPropertyId">
        <cmis:value>8521c921-e6eb-4653-813a-812e951183ec</cmis:value>
      </cmis:propertyId>
    </cmis:properties>
  </cmisra:object>
  <cmisra:object>
    <cmis:properties>
      <cmis:propertyId propertyDefinitionId="sf:Id">
        <cmis:value>60960390-2ec1-4bc6-a636-8b62f58063d1</cmis:value>
      </cmis:propertyId>
      <cmis:propertyString propertyDefinitionId="sf:ItemType">
        <cmis:value>Telerik.Sitefinity.Forms.Model.FormDescription</cmis:value>
      </cmis:propertyString>
      <cmis:propertyString propertyDefinitionId="sf:ItemProvider">
        <cmis:value>OpenAccessDataProvider</cmis:value>
      </cmis:propertyString>
      <cmis:propertyId propertyDefinitionId="sf:PageId">
        <cmis:value>1b182d77-c6dc-4c5b-8622-e69b5b02d50e</cmis:value>
      </cmis:propertyId>
      <cmis:propertyId propertyDefinitionId="sf:ControlId">
        <cmis:value>3b26d21c-d0b5-4fb6-b80e-a01773f82734</cmis:value>
      </cmis:propertyId>
      <cmis:propertyId propertyDefinitionId="sf:SiteId">
        <cmis:value>f15c164c-ef0a-4662-81ab-cb79f208fa27</cmis:value>
      </cmis:propertyId>
      <cmis:propertyInteger propertyDefinitionId="sf:Priority">
        <cmis:value>1</cmis:value>
      </cmis:propertyInteger>
      <cmis:propertyId propertyDefinitionId="sf:RedirectPageId">
        <cmis:value>00000000-0000-0000-0000-000000000000</cmis:value>
      </cmis:propertyId>
      <cmis:propertyString propertyDefinitionId="sf:Language">
        <cmis:value></cmis:value>
      </cmis:propertyString>
      <cmis:propertyString propertyDefinitionId="sf:ItemDescendantType" />
      <cmis:propertyId propertyDefinitionId="cmis:objectId">
        <cmis:value>60960390-2ec1-4bc6-a636-8b62f58063d1</cmis:value>
      </cmis:propertyId>
      <sf:System.Object propertyDefinitionId="sf:Author" />
      <cmis:propertyString propertyDefinitionId="cmis:objectTypeId">
        <cmis:value>Telerik.Sitefinity.ContentLocations.Model.ContentLocationDataItem</cmis:value>
      </cmis:propertyString>
      <cmis:propertyString propertyDefinitionId="sf:LangId">
        <cmis:value>en</cmis:value>
      </cmis:propertyString>
      <cmis:propertyString propertyDefinitionId="sf:ItemAction">
        <cmis:value>New</cmis:value>
      </cmis:propertyString>
    </cmis:properties>
  </cmisra:object>
</atom:entry>